date,adjusted_close,close,volume
2018-01-14,0.3,0.3,1058184
2018-01-15,0.34,0.34,769650
2018-01-16,0.32,0.32,772591
2018-01-17,0.32,0.32,191000
2018-01-18,0.3,0.3,240181
2018-01-21,0.28,0.28,95906
2018-01-22,0.3,0.3,97050
2018-01-23,0.29,0.29,209650
2018-01-24,0.32,0.32,235968
2018-01-28,0.32,0.32,78737
2018-01-29,0.32,0.32,42450
2018-01-30,0.31,0.31,55000
2018-01-31,0.29,0.29,210000
2018-02-01,0.29,0.29,9000
2018-02-04,0.28,0.28,153698
2018-02-05,0.26,0.26,348728
2018-02-06,0.27,0.27,19100
2018-02-07,0.27,0.27,4900
2018-02-08,0.3,0.3,264202
2018-02-11,0.28,0.28,37000
2018-02-12,0.28,0.28,16789
2018-02-13,0.29,0.29,17500
2018-02-14,0.28,0.28,66000
2018-02-15,0.26,0.26,163041
2018-02-18,0.27,0.27,58400
2018-02-19,0.28,0.28,5500
2018-02-20,0.28,0.28,0
2018-02-21,0.37,0.37,1986987
2018-02-22,0.36,0.36,237400
2018-02-25,0.32,0.32,278267
2018-02-26,0.34,0.34,44399
2018-02-27,0.34,0.34,59578
2018-02-28,0.32,0.32,37000
2018-03-01,0.35,0.35,1500
2018-03-04,0.32,0.32,80917
2018-03-05,0.32,0.32,10000
2018-03-06,0.29,0.29,290212
2018-03-07,0.27,0.27,68731
2018-03-08,0.3,0.3,40500
2018-03-11,0.28,0.28,63520
2018-03-12,0.26,0.26,124856
2018-03-13,0.26,0.26,93948
2018-03-14,0.26,0.26,101167
2018-03-15,0.25,0.25,67000
2018-03-18,0.24,0.24,20000
2018-03-19,0.22,0.22,348697
2018-03-20,0.2,0.2,59075
2018-03-21,0.2,0.2,84817
2018-03-22,0.2,0.2,74470
2018-03-25,0.21,0.21,11756
2018-03-26,0.22,0.22,118227
2018-03-27,0.22,0.22,169883
2018-03-28,0.22,0.22,165183
2018-04-02,0.22,0.22,315834
2018-04-03,0.22,0.22,118334
2018-04-04,0.23,0.23,9700
2018-04-05,0.22,0.22,172800
2018-04-06,0.22,0.22,15000
2018-04-09,0.2,0.2,50000
2018-04-10,0.2,0.2,16000
2018-04-11,0.19,0.19,45300
2018-04-12,0.19,0.19,39934
2018-04-13,0.19,0.19,10000
2018-04-16,0.2,0.2,91000
2018-04-17,0.2,0.2,91000
2018-04-18,0.2,0.2,0
2018-04-19,0.2,0.2,5450
2018-04-20,0.2,0.2,5450
2018-04-23,0.2,0.2,0
2018-04-24,0.22,0.22,48560
2018-04-26,0.2,0.2,12914
2018-04-27,0.2,0.2,2000
2018-04-30,0.2,0.2,10486
2018-05-01,0.2,0.2,0
2018-05-02,0.2,0.2,20000
2018-05-03,0.2,0.2,0
2018-05-04,0.19,0.19,11000
2018-05-07,0.2,0.2,36870
2018-05-08,0.2,0.2,36870
2018-05-09,0.2,0.2,10000
2018-05-10,0.17,0.17,8000
2018-05-11,0.17,0.17,18
2018-05-14,0.17,0.17,18
2018-05-15,0.18,0.18,25010
2018-05-16,0.17,0.17,1000
2018-05-17,0.19,0.19,5000
2018-05-18,0.16,0.16,21158
2018-05-21,0.17,0.17,4610
2018-05-22,0.19,0.19,95390
2018-05-23,0.19,0.19,95390
2018-05-24,0.19,0.19,40000
2018-05-25,0.19,0.19,40000
2018-05-28,0.19,0.19,20000
2018-05-29,0.17,0.17,50000
2018-05-30,0.17,0.17,50000
2018-05-31,0.16,0.16,237016
2018-06-01,0.2,0.2,25000
2018-06-04,0.17,0.17,12000
2018-06-05,0.17,0.17,66933
2018-06-06,0.17,0.17,4133
2018-06-07,0.17,0.17,50000
2018-06-08,0.12,0.12,444022
2018-06-11,0.1,0.1,1636794
2018-06-12,0.13,0.13,472700
2018-06-13,0.11,0.11,342176
2018-06-14,0.1,0.1,288295
2018-06-15,0.1,0.1,533623
2018-06-18,0.12,0.12,149070
2018-06-19,0.12,0.12,75770
2018-06-20,0.13,0.13,206900
2018-06-21,0.12,0.12,425716
2018-06-22,0.12,0.12,154721
2018-06-25,0.11,0.11,52426
2018-06-26,0.12,0.12,249016
2018-06-27,0.12,0.12,75000
2018-06-28,0.12,0.12,327164
2018-06-29,0.14,0.14,299158
2018-07-02,0.12,0.12,122000
2018-07-03,0.12,0.12,110673
2018-07-04,0.11,0.11,380500
2018-07-05,0.11,0.11,31380
2018-07-06,0.12,0.12,62500
2018-07-09,0.11,0.11,39999
2018-07-10,0.11,0.11,100000
2018-07-11,0.1,0.1,55000
2018-07-12,0.11,0.11,75000
2018-07-13,0.11,0.11,0
2018-07-16,0.1,0.1,50000
2018-07-17,0.1,0.1,100000
2018-07-18,0.1,0.1,0
2018-07-19,0.1,0.1,0
2018-07-20,0.1,0.1,97882
2018-07-23,0.1,0.1,199930
2018-07-24,0.09,0.09,245326
2018-07-25,0.09,0.09,245326
2018-07-26,0.09,0.09,28000
2018-07-27,0.09,0.09,25000
2018-07-30,0.09,0.09,0
2018-07-31,0.09,0.09,50000
2018-08-01,0.09,0.09,0
2018-08-02,0.09,0.09,0
2018-08-03,0.09,0.09,0
2018-08-06,0.09,0.09,0
2018-08-07,0.09,0.09,25000
2018-08-08,0.09,0.09,25000
2018-08-09,0.09,0.09,6901
2018-08-10,0.09,0.09,122449
2018-08-13,0.09,0.09,29551
2018-08-14,0.09,0.09,180000
2018-08-15,0.09,0.09,35000
2018-08-16,0.09,0.09,44551
2018-08-17,0.09,0.09,6000
2018-08-20,0.09,0.09,6000
2018-08-21,0.09,0.09,23700
2018-08-22,0.09,0.09,18000
2018-08-23,0.09,0.09,10000
2018-08-24,0.09,0.09,30218
2018-08-27,0.09,0.09,25000
2018-08-28,0.09,0.09,14582
2018-08-29,0.09,0.09,53000
2018-08-30,0.09,0.09,53000
2018-08-31,0.09,0.09,0
2018-09-03,0.09,0.09,0
2018-09-04,0.09,0.09,0
2018-09-05,0.09,0.09,30176
2018-09-06,0.09,0.09,20419
2018-09-07,0.09,0.09,31581
2018-09-10,0.09,0.09,28419
2018-09-11,0.09,0.09,40354
2018-09-12,0.09,0.09,40354
2018-09-13,0.09,0.09,42008
2018-09-14,0.09,0.09,0
2018-09-17,0.09,0.09,0
2018-09-18,0.09,0.09,75000
2018-09-19,0.09,0.09,75000
2018-09-20,0.08,0.08,34000
2018-09-21,0.09,0.09,125000
2018-09-24,0.09,0.09,125000
2018-09-25,0.09,0.09,68530
2018-09-26,0.09,0.09,116948
2018-09-27,0.09,0.09,0
2018-09-28,0.09,0.09,0
2018-10-01,0.09,0.09,0
2018-10-02,0.09,0.09,80000
2018-10-03,0.09,0.09,10000
2018-10-04,0.09,0.09,0
2018-10-05,0.09,0.09,0
2018-10-07,0.09,0.09,0
2018-10-08,0.09,0.09,0
2018-10-09,0.09,0.09,6500
2018-10-10,0.09,0.09,0
2018-10-11,0.09,0.09,0
2018-10-14,0.09,0.09,62500
2018-10-15,0.09,0.09,0
2018-10-16,0.09,0.09,0
2018-10-17,0.09,0.09,0
2018-10-18,0.09,0.09,45000
2018-10-21,0.09,0.09,45000
2018-10-22,0.09,0.09,0
2018-10-23,0.09,0.09,0
2018-10-24,0.09,0.09,20800
2018-10-25,0.09,0.09,20800
2018-10-28,0.09,0.09,0
2018-10-29,0.09,0.09,0
2018-10-30,0.09,0.09,0
2018-10-31,0.09,0.09,0
2018-11-01,0.09,0.09,81000
2018-11-04,0.09,0.09,81000
2018-11-05,0.09,0.09,0
2018-11-06,0.09,0.09,0
2018-11-07,0.09,0.09,0
2018-11-08,0.09,0.09,0
2018-11-11,0.09,0.09,10000
2018-11-12,0.09,0.09,0
2018-11-13,0.09,0.09,0
2018-11-14,0.09,0.09,0
2018-11-15,0.09,0.09,26000
2018-11-18,0.09,0.09,0
2018-11-19,0.09,0.09,0
2018-11-20,0.09,0.09,0
2018-11-21,0.08,0.08,43000
2018-11-22,0.09,0.09,45000
2018-11-25,0.09,0.09,0
2018-11-26,0.08,0.08,4000
2018-11-27,0.08,0.08,0
2018-11-28,0.09,0.09,25000
2018-11-29,0.09,0.09,5978
2018-12-02,0.09,0.09,0
2018-12-03,0.09,0.09,0
2018-12-04,0.09,0.09,0
2018-12-05,0.09,0.09,0
2018-12-06,0.09,0.09,0
2018-12-09,0.09,0.09,0
2018-12-10,0.09,0.09,0
2018-12-11,0.09,0.09,5500
2018-12-12,0.09,0.09,5500
2018-12-13,0.09,0.09,87000
2018-12-16,0.09,0.09,0
2018-12-17,0.09,0.09,0
2018-12-18,0.08,0.08,111193
2018-12-19,0.07,0.07,20143
2018-12-20,0.07,0.07,0
2018-12-23,0.07,0.07,0
2018-12-24,0.07,0.07,0
2018-12-26,0.07,0.07,0
2018-12-27,0.07,0.07,0
2018-12-30,0.06,0.06,19362
2018-12-31,0.06,0.06,29362
2019-01-01,0.06,0.06,10000
2019-01-02,0.06,0.06,0
2019-01-03,0.06,0.06,0
2019-01-06,0.06,0.06,161000
2019-01-07,0.06,0.06,51968
2019-01-08,0.07,0.07,56000
2019-01-09,0.07,0.07,56000
2019-01-10,0.07,0.07,0
2019-01-13,0.07,0.07,0
2019-01-14,0.07,0.07,25000
2019-01-15,0.07,0.07,228372
2019-01-16,0.08,0.08,30000
2019-01-17,0.08,0.08,0
2019-01-20,0.08,0.08,0
2019-01-21,0.08,0.08,0
2019-01-22,0.08,0.08,0
2019-01-23,0.06,0.06,10000
2019-01-24,0.06,0.06,70000
2019-01-28,0.06,0.06,8510
2019-01-29,0.06,0.06,0
2019-01-30,0.05,0.05,25000
2019-01-31,0.06,0.06,10000
2019-02-03,0.06,0.06,0
2019-02-04,0.06,0.06,0
2019-02-05,0.07,0.07,30043
2019-02-06,0.08,0.08,59890
2019-02-07,0.07,0.07,49957
2019-02-10,0.07,0.07,0
2019-02-11,0.07,0.07,0
2019-02-12,0.07,0.07,0
2019-02-13,0.07,0.07,0
2019-02-14,0.07,0.07,0
2019-02-17,0.06,0.06,39939
2019-02-18,0.06,0.06,61
2019-02-19,0.06,0.06,61
2019-02-20,0.06,0.06,84616
2019-02-21,0.06,0.06,19900
2019-02-24,0.06,0.06,88050
2019-02-25,0.06,0.06,0
2019-02-26,0.06,0.06,0
2019-02-27,0.06,0.06,0
2019-02-28,0.06,0.06,0
2019-03-03,0.06,0.06,0
2019-03-04,0.06,0.06,7066
2019-03-05,0.06,0.06,7066
2019-03-06,0.06,0.06,70000
2019-03-07,0.06,0.06,0
2019-03-10,0.06,0.06,0
2019-03-11,0.06,0.06,74884
2019-03-12,0.05,0.05,30000
2019-03-13,0.06,0.06,141500
2019-03-14,0.05,0.05,82532
2019-03-17,0.05,0.05,82532
2019-03-18,0.05,0.05,0
2019-03-19,0.05,0.05,50000
2019-03-20,0.06,0.06,27266
2019-03-21,0.05,0.05,126834
2019-03-24,0.05,0.05,126834
2019-03-25,0.05,0.05,0
2019-03-26,0.05,0.05,10000
2019-03-27,0.05,0.05,100000
2019-03-28,0.05,0.05,2595
2019-03-31,0.05,0.05,30000
2019-04-01,0.05,0.05,54593
2019-04-02,0.05,0.05,54593
2019-04-03,0.05,0.05,150000
2019-04-04,0.05,0.05,25407
2019-04-08,0.05,0.05,80000
2019-04-09,0.05,0.05,0
2019-04-10,0.05,0.05,75000
2019-04-11,0.05,0.05,0
2019-04-12,0.05,0.05,1886
2019-04-15,0.05,0.05,2000
2019-04-16,0.04,0.04,62797
2019-04-17,0.04,0.04,15000
2019-04-18,0.04,0.04,68700
2019-04-22,0.05,0.05,50000
2019-04-23,0.04,0.04,0
2019-04-24,0.04,0.04,0
2019-04-26,0.05,0.05,50000
2019-04-29,0.05,0.05,0
2019-04-30,0.05,0.05,110180
2019-05-01,0.05,0.05,30000
2019-05-02,0.05,0.05,0
2019-05-03,0.05,0.05,59415
2019-05-06,0.05,0.05,0
2019-05-07,0.05,0.05,0
2019-05-08,0.05,0.05,70060
2019-05-09,0.05,0.05,50000
2019-05-10,0.05,0.05,25000
2019-05-13,0.05,0.05,9495
2019-05-14,0.05,0.05,32500
2019-05-15,0.05,0.05,72427
2019-05-16,0.05,0.05,50000
2019-05-17,0.05,0.05,49927
2019-05-20,0.05,0.05,7600
2019-05-21,0.05,0.05,0
2019-05-22,0.05,0.05,9854
2019-05-23,0.05,0.05,0
2019-05-24,0.05,0.05,0
2019-05-27,0.05,0.05,60000
2019-05-28,0.05,0.05,11000
2019-05-29,0.04,0.04,230000
2019-05-30,0.04,0.04,24073
2019-05-31,0.04,0.04,39815
2019-06-03,0.04,0.04,30228
2019-06-04,0.05,0.05,96000
2019-06-05,0.05,0.05,0
2019-06-06,0.05,0.05,0
2019-06-07,0.05,0.05,0
2019-06-10,0.04,0.04,15000
2019-06-11,0.05,0.05,0
2019-06-12,0.05,0.05,0
2019-06-13,0.05,0.05,0
2019-06-14,0.04,0.04,15000
2019-06-17,0.04,0.04,120238
2019-06-18,0.04,0.04,0
2019-06-19,0.03,0.03,50000
2019-06-20,0.04,0.04,90000
2019-06-21,0.04,0.04,165000
2019-06-24,0.04,0.04,280000
2019-06-25,0.03,0.03,342867
2019-06-26,0.03,0.03,201399
2019-06-27,0.03,0.03,120000
2019-06-28,0.03,0.03,311527
2019-07-01,0.03,0.03,0
2019-07-02,0.03,0.03,60000
2019-07-03,0.03,0.03,0
2019-07-04,0.04,0.04,28200
2019-07-05,0.05,0.05,90500
2019-07-08,0.05,0.05,0
2019-07-09,0.05,0.05,26454
2019-07-10,0.05,0.05,110012
2019-07-11,0.06,0.06,412542
2019-07-12,0.08,0.08,611310
2019-07-15,0.09,0.09,274939
2019-07-16,0.1,0.1,685577
2019-07-17,0.08,0.08,141577
2019-07-18,0.09,0.09,205657
2019-07-19,0.09,0.09,12518
2019-07-22,0.09,0.09,78670
2019-07-23,0.09,0.09,783148
2019-07-24,0.08,0.08,304194
2019-07-25,0.08,0.08,291971
2019-07-26,0.08,0.08,200832
2019-07-29,0.08,0.08,6500
2019-07-30,0.07,0.07,195897
2019-07-31,0.07,0.07,0
2019-08-01,0.07,0.07,44000
2019-08-02,0.07,0.07,203323
2019-08-05,0.07,0.07,5629
2019-08-06,0.08,0.08,12500
2019-08-07,0.07,0.07,91780
2019-08-08,0.07,0.07,0
2019-08-09,0.08,0.08,179166
2019-08-12,0.08,0.08,58477
2019-08-13,0.07,0.07,64322
2019-08-14,0.07,0.07,165262
2019-08-15,0.07,0.07,150000
2019-08-16,0.07,0.07,35000
2019-08-19,0.06,0.06,94559
2019-08-20,0.06,0.06,40000
2019-08-21,0.06,0.06,0
2019-08-22,0.06,0.06,0
2019-08-23,0.07,0.07,798
2019-08-26,0.07,0.07,0
2019-08-27,0.07,0.07,49202
2019-08-28,0.07,0.07,0
2019-08-29,0.07,0.07,10798
2019-08-30,0.06,0.06,25891
2019-09-02,0.06,0.06,80769
2019-09-03,0.05,0.05,106370
2019-09-04,0.06,0.06,84109
2019-09-05,0.06,0.06,0
2019-09-06,0.06,0.06,0
2019-09-09,0.06,0.06,20000
2019-09-10,0.06,0.06,0
2019-09-11,0.06,0.06,26505
2019-09-12,0.06,0.06,10000
2019-09-13,0.06,0.06,47522
2019-09-16,0.06,0.06,0
2019-09-17,0.06,0.06,72778
2019-09-18,0.06,0.06,25000
2019-09-19,0.05,0.05,55332
2019-09-20,0.05,0.05,0
2019-09-23,0.07,0.07,44069
2019-09-24,0.07,0.07,0
2019-09-25,0.06,0.06,23865
2019-09-26,0.06,0.06,52
2019-09-27,0.06,0.06,0
2019-09-30,0.06,0.06,0
2019-10-01,0.06,0.06,146012
2019-10-02,0.05,0.05,88451
2019-10-03,0.05,0.05,0
2019-10-04,0.05,0.05,0
2019-10-06,0.05,0.05,20000
2019-10-07,0.05,0.05,0
2019-10-08,0.05,0.05,93742
2019-10-09,0.05,0.05,0
2019-10-10,0.05,0.05,0
2019-10-13,0.05,0.05,10398
2019-10-14,0.05,0.05,0
2019-10-15,0.05,0.05,0
2019-10-16,0.05,0.05,0
2019-10-17,0.05,0.05,0
2019-10-20,0.05,0.05,95816
2019-10-21,0.04,0.04,201160
2019-10-22,0.04,0.04,213464
2019-10-23,0.04,0.04,25000
2019-10-24,0.04,0.04,0
2019-10-27,0.04,0.04,10478
2019-10-28,0.04,0.04,190252
2019-10-29,0.04,0.04,18930
2019-10-30,0.04,0.04,0
2019-10-31,0.04,0.04,0
2019-11-03,0.04,0.04,175452
2019-11-04,0.04,0.04,44590
2019-11-05,0.04,0.04,0
2019-11-06,0.04,0.04,0
2019-11-07,0.04,0.04,0
2019-11-10,0.04,0.04,0
2019-11-11,0.04,0.04,0
2019-11-12,0.04,0.04,0
2019-11-13,0.04,0.04,0
2019-11-14,0.04,0.04,0
2019-11-17,0.04,0.04,26268
2019-11-18,0.03,0.03,95847
2019-11-19,0.03,0.03,0
2019-11-20,0.03,0.03,0
2019-11-21,0.03,0.03,0
2019-11-24,0.04,0.04,26900
2019-11-25,0.04,0.04,3500
2019-11-26,0.03,0.03,18596
2019-11-27,0.03,0.03,23219
2019-11-28,0.03,0.03,171248
2019-12-01,0.04,0.04,305071
2019-12-02,0.04,0.04,0
2019-12-03,0.03,0.03,9029
2019-12-04,0.03,0.03,31000
2019-12-05,0.04,0.04,212142
2019-12-08,0.04,0.04,35419
2019-12-09,0.04,0.04,49800
2019-12-10,0.04,0.04,0
2019-12-11,0.04,0.04,0
2019-12-12,0.04,0.04,0
2019-12-15,0.04,0.04,0
2019-12-16,0.04,0.04,0
2019-12-17,0.04,0.04,0
2019-12-18,0.04,0.04,2168
2019-12-19,0.04,0.04,0
2019-12-22,0.04,0.04,11386
2019-12-23,0.04,0.04,0
2019-12-26,0.04,0.04,182946
2019-12-29,0.04,0.04,50000
2019-12-30,0.04,0.04,0
2020-01-01,0.04,0.04,6859
2020-01-02,0.04,0.04,63694
2020-01-05,0.04,0.04,0
2020-01-06,0.04,0.04,3048
2020-01-08,0.04,0.04,0
2020-01-09,0.04,0.04,0
2020-01-12,0.05,0.05,37475
2020-01-13,0.05,0.05,183265
2020-01-14,0.05,0.05,0
2020-01-15,0.05,0.05,0
2020-01-16,0.05,0.05,0
2020-01-19,0.05,0.05,0
2020-01-20,0.05,0.05,0
2020-01-21,0.05,0.05,45296
2020-01-22,0.05,0.05,0
2020-01-23,0.05,0.05,0
2020-01-27,0.05,0.05,20000
2020-01-28,0.05,0.05,0
2020-01-29,0.05,0.05,370000
2020-01-30,0.05,0.05,50000
2020-02-02,0.05,0.05,932
2020-02-03,0.05,0.05,0
2020-02-04,0.05,0.05,261000
2020-02-05,0.05,0.05,29068
2020-02-06,0.05,0.05,0
2020-02-09,0.05,0.05,0
2020-02-10,0.05,0.05,0
2020-02-11,0.04,0.04,14486
2020-02-12,0.04,0.04,0
2020-02-13,0.04,0.04,0
2020-02-16,0.04,0.04,0
2020-02-17,0.04,0.04,0
2020-02-18,0.04,0.04,0
2020-02-19,0.04,0.04,0
2020-02-20,0.04,0.04,50000
2020-02-23,0.04,0.04,26400
2020-02-24,0.04,0.04,0
2020-02-25,0.04,0.04,12500
2020-02-26,0.04,0.04,35636
2020-02-27,0.04,0.04,378366
2020-03-01,0.04,0.04,0
2020-03-02,0.04,0.04,0
2020-03-03,0.03,0.03,20380
2020-03-04,0.03,0.03,0
2020-03-05,0.04,0.04,6970
2020-03-08,0.04,0.04,0
2020-03-09,0.04,0.04,200000
2020-03-10,0.04,0.04,121951
2020-03-11,0.04,0.04,0
2020-03-12,0.02,0.02,375116
2020-03-15,0.03,0.03,61616
2020-03-16,0.03,0.03,0
2020-03-17,0.03,0.03,35000
2020-03-18,0.03,0.03,50000
2020-03-19,0.03,0.03,30000
2020-03-22,0.03,0.03,0
2020-03-23,0.03,0.03,40000
2020-03-24,0.03,0.03,138373
2020-03-25,0.04,0.04,98394
2020-03-26,0.04,0.04,0
2020-03-29,0.04,0.04,3106
2020-03-30,0.04,0.04,9094
2020-03-31,0.04,0.04,0
2020-04-01,0.04,0.04,0
2020-04-02,0.04,0.04,0
2020-04-06,0.04,0.04,19238
2020-04-07,0.04,0.04,0
2020-04-08,0.04,0.04,6668
2020-04-09,0.04,0.04,0
2020-04-13,0.04,0.04,155571
2020-04-14,0.04,0.04,7000
2020-04-15,0.04,0.04,11904
2020-04-16,0.04,0.04,106667
2020-04-17,0.04,0.04,30000
2020-04-20,0.03,0.03,25000
2020-04-21,0.03,0.03,0
2020-04-22,0.03,0.03,13096
2020-04-23,0.03,0.03,0
2020-04-24,0.04,0.04,10000
2020-04-27,0.04,0.04,0
2020-04-28,0.04,0.04,46250
2020-04-29,0.04,0.04,0
2020-04-30,0.04,0.04,245475
2020-05-01,0.04,0.04,48455
2020-05-04,0.04,0.04,134690
2020-05-05,0.04,0.04,129750
2020-05-06,0.04,0.04,0
2020-05-07,0.05,0.05,1049728
2020-05-08,0.05,0.05,221027
2020-05-11,0.05,0.05,0
2020-05-12,0.05,0.05,0
2020-05-13,0.05,0.05,0
2020-05-14,0.05,0.05,22200
2020-05-15,0.05,0.05,21631
2020-05-18,0.05,0.05,48300
2020-05-19,0.05,0.05,10000
2020-05-20,0.05,0.05,40000
2020-05-21,0.04,0.04,103579
2020-05-22,0.05,0.05,25000
2020-05-25,0.05,0.05,59131
2020-05-26,0.05,0.05,88489
2020-05-27,0.05,0.05,0
2020-05-28,0.05,0.05,7110
2020-05-29,0.05,0.05,10000
2020-06-01,0.06,0.06,639656
2020-06-02,0.05,0.05,69132
2020-06-03,0.06,0.06,89200
2020-06-04,0.05,0.05,85000
2020-06-05,0.06,0.06,398141
2020-06-08,0.06,0.06,134780
2020-06-09,0.06,0.06,0
2020-06-10,0.06,0.06,22250
2020-06-11,0.07,0.07,75500
2020-06-12,0.06,0.06,37030
2020-06-15,0.08,0.08,500756
2020-06-16,0.09,0.09,366374
2020-06-17,0.08,0.08,28078
2020-06-18,0.07,0.07,68848
2020-06-19,0.07,0.07,35609
2020-06-22,0.07,0.07,0
2020-06-23,0.07,0.07,78118
2020-06-24,0.07,0.07,144000
2020-06-25,0.07,0.07,0
2020-06-26,0.07,0.07,0
2020-06-29,0.07,0.07,0
2020-06-30,0.07,0.07,0
2020-07-01,0.16,0.16,6023299
2020-07-02,0.14,0.14,1259125
2020-07-03,0.15,0.15,983374
2020-07-06,0.14,0.14,1600365
2020-07-07,0.15,0.15,315065
2020-07-08,0.15,0.15,550655
2020-07-09,0.15,0.15,319354
2020-07-10,0.18,0.18,668062
2020-07-13,0.22,0.22,2134956
2020-07-14,0.19,0.19,427776
2020-07-15,0.19,0.19,2442783
2020-07-16,0.18,0.18,794974
2020-07-17,0.19,0.19,613142
2020-07-20,0.2,0.2,542103
2020-07-21,0.19,0.19,21000
2020-07-22,0.21,0.21,780002
2020-07-23,0.22,0.22,1631984
2020-07-24,0.19,0.19,1057116
2020-07-27,0.19,0.19,514958
2020-07-28,0.18,0.18,415160
2020-07-29,0.19,0.19,266463
2020-07-30,0.18,0.18,247491
2020-07-31,0.17,0.17,552130
2020-08-03,0.17,0.17,288973
2020-08-04,0.17,0.17,60017
2020-08-05,0.17,0.17,235568
2020-08-06,0.18,0.18,375374
2020-08-07,0.17,0.17,318500
2020-08-10,0.17,0.17,354604
2020-08-11,0.17,0.17,392585
2020-08-12,0.16,0.16,480539
2020-08-13,0.17,0.17,160322
2020-08-14,0.17,0.17,287970
2020-08-17,0.17,0.17,165489
2020-08-18,0.19,0.19,510384
2020-08-19,0.19,0.19,187035
2020-08-20,0.22,0.22,1255183
2020-08-21,0.24,0.24,795808
2020-08-24,0.22,0.22,810862
2020-08-25,0.22,0.22,386909
2020-08-26,0.22,0.22,360210
2020-08-27,0.22,0.22,109604
2020-08-28,0.22,0.22,269555
2020-08-31,0.22,0.22,488540
2020-09-01,0.21,0.21,447710
2020-09-02,0.22,0.22,20731
2020-09-03,0.2,0.2,236121
2020-09-04,0.19,0.19,419418
2020-09-07,0.19,0.19,201520
2020-09-08,0.21,0.21,199806
2020-09-09,0.18,0.18,301433
2020-09-10,0.19,0.19,102200
2020-09-11,0.19,0.19,50002
2020-09-14,0.19,0.19,10000
2020-09-15,0.19,0.19,162117
2020-09-16,0.19,0.19,60000
2020-09-17,0.19,0.19,111382
2020-09-18,0.19,0.19,31481
2020-09-21,0.19,0.19,175530
2020-09-22,0.18,0.18,194207
2020-09-23,0.18,0.18,337905
2020-09-24,0.17,0.17,58333
2020-09-25,0.18,0.18,86185
2020-09-28,0.17,0.17,98783
2020-09-29,0.17,0.17,10500
2020-09-30,0.19,0.19,630156
2020-10-01,0.18,0.18,39026
2020-10-02,0.18,0.18,0
2020-10-04,0.19,0.19,5500
2020-10-05,0.19,0.19,0
2020-10-06,0.17,0.17,39207
2020-10-07,0.19,0.19,103528
2020-10-08,0.19,0.19,114173
2020-10-11,0.18,0.18,163250
2020-10-12,0.19,0.19,104882
2020-10-13,0.19,0.19,71865
2020-10-14,0.19,0.19,158006
2020-10-15,0.19,0.19,0
2020-10-18,0.19,0.19,103194
2020-10-19,0.19,0.19,181207
2020-10-20,0.19,0.19,0
2020-10-21,0.18,0.18,24256
2020-10-22,0.18,0.18,0
2020-10-25,0.18,0.18,168514
2020-10-26,0.17,0.17,47554
2020-10-27,0.17,0.17,16678
2020-10-28,0.17,0.17,5133803
2020-10-29,0.17,0.17,11420
2020-11-01,0.17,0.17,0
2020-11-02,0.17,0.17,101318
2020-11-03,0.17,0.17,58002
2020-11-04,0.17,0.17,42209
2020-11-05,0.17,0.17,52544
2020-11-08,0.18,0.18,360260
2020-11-09,0.19,0.19,101919
2020-11-10,0.19,0.19,146242
2020-11-11,0.19,0.19,173251
2020-11-12,0.21,0.21,191187
2020-11-15,0.21,0.21,60278
2020-11-16,0.19,0.19,60465
2020-11-17,0.19,0.19,42035
2020-11-18,0.2,0.2,99000
2020-11-19,0.19,0.19,46978
2020-11-22,0.19,0.19,9000
2020-11-23,0.19,0.19,470024
2020-11-24,0.19,0.19,112656
2020-11-25,0.19,0.19,66676
2020-11-26,0.19,0.19,0
2020-11-29,0.18,0.18,156079
2020-11-30,0.16,0.16,200272
2020-12-01,0.17,0.17,23000
2020-12-02,0.17,0.17,184872
2020-12-03,0.18,0.18,15235
2020-12-06,0.17,0.17,155000
2020-12-07,0.18,0.18,10000
2020-12-08,0.18,0.18,0
2020-12-09,0.18,0.18,96495
2020-12-10,0.18,0.18,17000
2020-12-13,0.18,0.18,17371
2020-12-14,0.17,0.17,144411
2020-12-15,0.17,0.17,0
2020-12-16,0.18,0.18,354203
2020-12-17,0.18,0.18,0
2020-12-20,0.17,0.17,3574
2020-12-21,0.18,0.18,60000
2020-12-22,0.18,0.18,12718
2020-12-23,0.18,0.18,20800
2020-12-28,0.18,0.18,0
2020-12-29,0.18,0.18,25000
2020-12-30,0.18,0.18,0
2021-01-03,0.18,0.18,30200
2021-01-04,0.18,0.18,25158
2021-01-05,0.17,0.17,65748
2021-01-06,0.18,0.18,416324
2021-01-07,0.18,0.18,139087
2021-01-10,0.18,0.18,0
2021-01-11,0.18,0.18,0
2021-01-12,0.18,0.18,340000
2021-01-13,0.18,0.18,296883
2021-01-14,0.18,0.18,214581
2021-01-17,0.18,0.18,88454
2021-01-18,0.18,0.18,193711
2021-01-19,0.18,0.18,268250
2021-01-20,0.18,0.18,119207
2021-01-21,0.18,0.18,88800
2021-01-24,0.18,0.18,456883
2021-01-25,0.18,0.18,630691
2021-01-26,0.18,0.18,20000
2021-01-27,0.18,0.18,91777
2021-01-28,0.18,0.18,62031
2021-01-31,0.18,0.18,116244
2021-02-01,0.16,0.16,104123
2021-02-02,0.18,0.18,68587
2021-02-03,0.18,0.18,0
2021-02-04,0.17,0.17,33387
2021-02-07,0.17,0.17,215336
2021-02-08,0.17,0.17,0
2021-02-09,0.17,0.17,45000
2021-02-10,0.17,0.17,53095
2021-02-11,0.17,0.17,0
2021-02-14,0.18,0.18,523000
2021-02-15,0.18,0.18,0
2021-02-16,0.18,0.18,0
2021-02-17,0.18,0.18,0
2021-02-18,0.17,0.17,173537
2021-02-21,0.17,0.17,1000
2021-02-22,0.17,0.17,181800
2021-02-23,0.17,0.17,6000
2021-02-24,0.17,0.17,0
2021-02-25,0.17,0.17,0
2021-02-28,0.17,0.17,520
2021-03-01,0.17,0.17,10000
2021-03-02,0.17,0.17,100403
2021-03-03,0.15,0.15,478510
2021-03-04,0.17,0.17,57500
2021-03-07,0.17,0.17,165358
2021-03-08,0.17,0.17,0
2021-03-09,0.16,0.16,371836
2021-03-10,0.16,0.16,25641
2021-03-11,0.16,0.16,0
2021-03-14,0.17,0.17,18200
2021-03-15,0.17,0.17,0
2021-03-16,0.15,0.15,100000
2021-03-17,0.17,0.17,70000
2021-03-18,0.17,0.17,177293
2021-03-21,0.17,0.17,0
2021-03-22,0.17,0.17,5000
2021-03-23,0.17,0.17,18795
2021-03-24,0.17,0.17,20000
2021-03-25,0.17,0.17,0
2021-03-28,0.17,0.17,0
2021-03-29,0.17,0.17,0
2021-03-30,0.17,0.17,115823
2021-03-31,0.17,0.17,125000
2021-04-05,0.17,0.17,250419
2021-04-06,0.17,0.17,25419
2021-04-07,0.17,0.17,225000
2021-04-08,0.17,0.17,0
2021-04-09,0.17,0.17,0
2021-04-12,0.17,0.17,170000
2021-04-13,0.17,0.17,0
2021-04-14,0.17,0.17,0
2021-04-15,0.16,0.16,44218
2021-04-16,0.17,0.17,15000
2021-04-19,0.14,0.14,52300
2021-04-20,0.16,0.16,44684
2021-04-21,0.16,0.16,93027
2021-04-22,0.16,0.16,0
2021-04-23,0.15,0.15,131275
2021-04-26,0.15,0.15,3917
2021-04-27,0.15,0.15,0
2021-04-28,0.15,0.15,42480
2021-04-29,0.15,0.15,31533
2021-04-30,0.15,0.15,0
2021-05-03,0.15,0.15,169676
2021-05-04,0.15,0.15,0
2021-05-05,0.15,0.15,0
2021-05-06,0.15,0.15,13333
2021-05-07,0.15,0.15,6667
2021-05-10,0.15,0.15,0
2021-05-11,0.14,0.14,13903
2021-05-12,0.14,0.14,139675
2021-05-13,0.14,0.14,80000
2021-05-14,0.14,0.14,420517
2021-05-17,0.14,0.14,293023
2021-05-18,0.13,0.13,709633
2021-05-19,0.13,0.13,268893
2021-05-20,0.13,0.13,51253
2021-05-21,0.14,0.14,245965
2021-05-24,0.14,0.14,117144
2021-05-25,0.15,0.15,63032
2021-05-26,0.15,0.15,119590
2021-05-27,0.15,0.15,0
2021-05-28,0.15,0.15,0
2021-05-31,0.15,0.15,92281
2021-06-01,0.15,0.15,54000
2021-06-02,0.15,0.15,0
2021-06-03,0.15,0.15,0
2021-06-04,0.15,0.15,0
2021-06-07,0.15,0.15,0
2021-06-08,0.14,0.14,59000
2021-06-09,0.14,0.14,36
2021-06-10,0.14,0.14,37387
2021-06-11,0.14,0.14,27500
2021-06-14,0.13,0.13,56017
2021-06-15,0.14,0.14,36
2021-06-16,0.14,0.14,2289
2021-06-17,0.13,0.13,21000
2021-06-18,0.13,0.13,32692
2021-06-21,0.12,0.12,11500
2021-06-22,0.12,0.12,148423
2021-06-23,0.12,0.12,176391
2021-06-24,0.12,0.12,141524
2021-06-25,0.12,0.12,45181
2021-06-28,0.11,0.11,243169
2021-06-29,0.1,0.1,40833
2021-06-30,0.1,0.1,472722
2021-07-01,0.1,0.1,79363
2021-07-02,0.11,0.11,14000
2021-07-05,0.11,0.11,25000
2021-07-06,0.11,0.11,0
2021-07-07,0.12,0.12,72760
2021-07-08,0.12,0.12,40000
2021-07-09,0.12,0.12,76216
2021-07-12,0.12,0.12,250784
2021-07-13,0.12,0.12,38300
2021-07-14,0.12,0.12,0
2021-07-15,0.12,0.12,230314
2021-07-16,0.13,0.13,65427
2021-07-19,0.13,0.13,206724
2021-07-20,0.14,0.14,205260
2021-07-21,0.14,0.14,32636
2021-07-22,0.14,0.14,0
2021-07-23,0.14,0.14,115250
2021-07-26,0.13,0.13,100000
2021-07-27,0.13,0.13,10765
2021-07-28,0.13,0.13,48000
2021-07-29,0.17,0.17,660640
2021-07-30,0.16,0.16,176172
2021-08-02,0.16,0.16,0
2021-08-03,0.16,0.16,25000
2021-08-04,0.16,0.16,0
2021-08-05,0.16,0.16,49629
2021-08-06,0.14,0.14,41392
2021-08-09,0.14,0.14,145476
2021-08-10,0.16,0.16,25000
2021-08-11,0.14,0.14,26923
2021-08-12,0.14,0.14,85135
2021-08-13,0.15,0.15,4250
2021-08-16,0.15,0.15,0
2021-08-17,0.14,0.14,39200
2021-08-18,0.13,0.13,322117
2021-08-19,0.13,0.13,0
2021-08-20,0.13,0.13,82534
2021-08-23,0.13,0.13,0
2021-08-24,0.14,0.14,46727
2021-08-25,0.13,0.13,2820
2021-08-26,0.13,0.13,0
2021-08-27,0.13,0.13,0
2021-08-30,0.13,0.13,123687
2021-08-31,0.13,0.13,4616
2021-09-01,0.14,0.14,35310
2021-09-02,0.14,0.14,215948
2021-09-03,0.14,0.14,50766
2021-09-06,0.14,0.14,0
2021-09-07,0.14,0.14,0
2021-09-08,0.13,0.13,16332
2021-09-09,0.13,0.13,120000
2021-09-10,0.13,0.13,12323
2021-09-13,0.12,0.12,125000
2021-09-14,0.12,0.12,7500
2021-09-15,0.12,0.12,64379
2021-09-16,0.12,0.12,35000
2021-09-17,0.13,0.13,15833
2021-09-20,0.13,0.13,87957
2021-09-21,0.13,0.13,75000
2021-09-22,0.13,0.13,13477
2021-09-23,0.13,0.13,0
2021-09-24,0.13,0.13,0
2021-09-27,0.13,0.13,0
2021-09-28,0.14,0.14,350000
2021-09-29,0.14,0.14,0
2021-09-30,0.14,0.14,0
2021-10-01,0.13,0.13,138137
2021-10-03,0.13,0.13,27943
2021-10-04,0.12,0.12,287687
2021-10-05,0.12,0.12,92470
2021-10-06,0.12,0.12,15000
2021-10-07,0.13,0.13,61184
2021-10-10,0.13,0.13,3855
2021-10-11,0.12,0.12,107308
2021-10-12,0.12,0.12,542750
2021-10-13,0.12,0.12,53500
2021-10-14,0.12,0.12,0
2021-10-17,0.13,0.13,21658
2021-10-18,0.13,0.13,70666
2021-10-19,0.14,0.14,136327
2021-10-20,0.14,0.14,90330
2021-10-21,0.14,0.14,0
2021-10-24,0.14,0.14,0
2021-10-25,0.14,0.14,0
2021-10-26,0.14,0.14,12666
2021-10-27,0.14,0.14,0
2021-10-28,0.17,0.17,320201
2021-10-31,0.17,0.17,0
2021-11-01,0.16,0.16,12200
2021-11-02,0.16,0.16,64856
2021-11-03,0.17,0.17,10000
2021-11-04,0.16,0.16,13226
2021-11-07,0.15,0.15,22811
2021-11-08,0.16,0.16,31640
2021-11-09,0.17,0.17,191293
2021-11-10,0.16,0.16,166647
2021-11-11,0.16,0.16,0
2021-11-14,0.16,0.16,0
2021-11-15,0.17,0.17,147968
2021-11-16,0.19,0.19,253438
2021-11-17,0.17,0.17,168543
2021-11-18,0.19,0.19,29949
2021-11-21,0.19,0.19,30150
2021-11-22,0.2,0.2,47835
2021-11-23,0.19,0.19,15936
2021-11-24,0.18,0.18,429
2021-11-25,0.18,0.18,45229
2021-11-28,0.17,0.17,10000
2021-11-29,0.19,0.19,65300
2021-11-30,0.2,0.2,100000
2021-12-01,0.18,0.18,27200
2021-12-02,0.18,0.18,0
2021-12-05,0.17,0.17,162951
2021-12-06,0.19,0.19,24056
2021-12-07,0.19,0.19,50000
2021-12-08,0.19,0.19,0
2021-12-09,0.18,0.18,176021
2021-12-12,0.18,0.18,69165
2021-12-13,0.18,0.18,0
2021-12-14,0.18,0.18,3000
2021-12-15,0.17,0.17,47520
2021-12-16,0.18,0.18,2790
2021-12-19,0.17,0.17,428093
2021-12-20,0.17,0.17,30554
2021-12-21,0.16,0.16,12765
2021-12-22,0.17,0.17,38053
2021-12-23,0.18,0.18,11947
2021-12-27,0.17,0.17,47038
2021-12-28,0.19,0.19,44208
2021-12-29,0.17,0.17,2830
2021-12-30,0.17,0.17,0
2022-01-03,0.17,0.17,45115
2022-01-04,0.18,0.18,7827
2022-01-05,0.17,0.17,40000
2022-01-06,0.17,0.17,8805
2022-01-09,0.17,0.17,67064
2022-01-10,0.17,0.17,51427
2022-01-11,0.17,0.17,85000
2022-01-12,0.17,0.17,30000
2022-01-13,0.17,0.17,90342
2022-01-16,0.18,0.18,148086
2022-01-17,0.18,0.18,114613
2022-01-18,0.17,0.17,92502
2022-01-19,0.18,0.18,293945
2022-01-20,0.18,0.18,8000
2022-01-23,0.16,0.16,219114
2022-01-24,0.17,0.17,24080
2022-01-26,0.17,0.17,10000
2022-01-27,0.19,0.19,45510
2022-01-30,0.19,0.19,0
2022-01-31,0.18,0.18,2960
2022-02-01,0.18,0.18,173119
2022-02-02,0.17,0.17,197347
2022-02-03,0.17,0.17,160000
2022-02-06,0.17,0.17,0
2022-02-07,0.18,0.18,12
2022-02-08,0.18,0.18,0
2022-02-09,0.18,0.18,0
2022-02-10,0.17,0.17,50000
2022-02-13,0.17,0.17,49022
2022-02-14,0.17,0.17,0
2022-02-15,0.17,0.17,0
2022-02-16,0.19,0.19,145000
2022-02-17,0.19,0.19,8888
2022-02-20,0.19,0.19,55423
2022-02-21,0.19,0.19,16063
2022-02-22,0.19,0.19,76408
2022-02-23,0.19,0.19,73300
2022-02-24,0.18,0.18,265059
2022-02-27,0.18,0.18,0
2022-02-28,0.2,0.2,142400
2022-03-01,0.18,0.18,200000
2022-03-02,0.18,0.18,0
2022-03-03,0.19,0.19,78375
2022-03-06,0.19,0.19,0
2022-03-07,0.17,0.17,282260
2022-03-08,0.17,0.17,26903
2022-03-09,0.17,0.17,45798
2022-03-10,0.17,0.17,0
2022-03-13,0.17,0.17,0
2022-03-14,0.18,0.18,10000
2022-03-15,0.17,0.17,10000
2022-03-16,0.17,0.17,0
2022-03-17,0.17,0.17,0
2022-03-20,0.17,0.17,0
2022-03-21,0.19,0.19,14285
2022-03-22,0.17,0.17,24666
2022-03-23,0.17,0.17,131122
2022-03-24,0.17,0.17,0
2022-03-27,0.17,0.17,0
2022-03-28,0.17,0.17,5200
2022-03-29,0.17,0.17,109770
2022-03-30,0.17,0.17,59020
2022-03-31,0.17,0.17,326065
2022-04-04,0.17,0.17,13000
2022-04-05,0.17,0.17,5000
2022-04-06,0.17,0.17,0
2022-04-07,0.16,0.16,171242
2022-04-08,0.16,0.16,0
2022-04-11,0.17,0.17,404620
2022-04-12,0.17,0.17,119837
2022-04-13,0.17,0.17,3750
2022-04-14,0.16,0.16,300000
2022-04-18,0.17,0.17,47675
2022-04-19,0.16,0.16,0
2022-04-20,0.17,0.17,47675
2022-04-21,0.17,0.17,0
2022-04-22,0.17,0.17,0
2022-04-25,0.16,0.16,85050
2022-04-26,0.17,0.17,0
2022-04-27,0.16,0.16,5493
2022-04-28,0.16,0.16,0
2022-04-29,0.16,0.16,79557
2022-05-02,0.16,0.16,0
2022-05-03,0.16,0.16,0
2022-05-04,0.16,0.16,0
2022-05-05,0.16,0.16,0
2022-05-06,0.16,0.16,0
2022-05-09,0.15,0.15,40000
2022-05-10,0.14,0.14,64999
2022-05-11,0.14,0.14,12122
2022-05-12,0.14,0.14,21294
2022-05-13,0.14,0.14,0
2022-05-16,0.14,0.14,0
2022-05-17,0.14,0.14,73926
2022-05-18,0.14,0.14,10000
2022-05-19,0.14,0.14,46658
2022-05-20,0.16,0.16,50000
2022-05-23,0.14,0.14,75255
2022-05-24,0.14,0.14,268562
2022-05-25,0.15,0.15,100000
2022-05-26,0.14,0.14,100000
2022-05-27,0.17,0.17,69733
2022-05-30,0.17,0.17,90202
2022-05-31,0.17,0.17,11372
2022-06-01,0.17,0.17,108823
2022-06-02,0.17,0.17,0
2022-06-03,0.17,0.17,16886
2022-06-06,0.17,0.17,117647
2022-06-07,0.17,0.17,0
2022-06-08,0.17,0.17,0
2022-06-09,0.17,0.17,60000
2022-06-10,0.17,0.17,125467
2022-06-13,0.16,0.16,100000
2022-06-14,0.17,0.17,0
2022-06-15,0.17,0.17,0
2022-06-16,0.16,0.16,100000
2022-06-17,0.16,0.16,0
2022-06-20,0.16,0.16,0
2022-06-21,0.16,0.16,0
2022-06-22,0.16,0.16,14000
2022-06-23,0.16,0.16,30380
2022-06-24,0.16,0.16,5000
2022-06-27,0.16,0.16,10605
2022-06-28,0.16,0.16,0
2022-06-29,0.16,0.16,2500
2022-06-30,0.16,0.16,1
2022-07-01,0.16,0.16,0
2022-07-04,0.15,0.15,8000
2022-07-05,0.15,0.15,0
2022-07-06,0.15,0.15,69648
2022-07-07,0.15,0.15,0
2022-07-08,0.16,0.16,2000
2022-07-11,0.15,0.15,4999
2022-07-12,0.15,0.15,500
2022-07-13,0.15,0.15,0
2022-07-14,0.14,0.14,14727
2022-07-15,0.14,0.14,0
2022-07-18,0.15,0.15,9900
2022-07-19,0.15,0.15,0
2022-07-20,0.15,0.15,85233
2022-07-21,0.15,0.15,0
2022-07-22,0.15,0.15,0
2022-07-25,0.16,0.16,30000
2022-07-26,0.16,0.16,131285
2022-07-27,0.16,0.16,0
2022-07-28,0.16,0.16,0
2022-07-29,0.2,0.2,1114874
2022-08-01,0.2,0.2,297547
2022-08-02,0.22,0.22,293037
2022-08-03,0.22,0.22,133922
2022-08-04,0.22,0.22,27778
2022-08-05,0.23,0.23,232027
2022-08-08,0.19,0.19,1151975
2022-08-09,0.2,0.2,400869
2022-08-10,0.19,0.19,209789
2022-08-11,0.21,0.21,699027
2022-08-12,0.25,0.25,874269
2022-08-15,0.24,0.24,808537
2022-08-16,0.24,0.24,197662
2022-08-17,0.23,0.23,212709
2022-08-18,0.23,0.23,110920
2022-08-19,0.22,0.22,34
2022-08-22,0.22,0.22,111302
2022-08-23,0.2,0.2,375814
2022-08-24,0.23,0.23,157397
2022-08-25,0.26,0.26,691064
2022-08-26,0.29,0.29,1216057
2022-08-29,0.28,0.28,475271
2022-08-30,0.28,0.28,36809
2022-08-31,0.29,0.29,200951
2022-09-01,0.28,0.28,230446
2022-09-02,0.3,0.3,724704
2022-09-05,0.29,0.29,519782
2022-09-06,0.28,0.28,225529
2022-09-07,0.3,0.3,361534
2022-09-08,0.28,0.28,256176
2022-09-09,0.29,0.29,146045
2022-09-12,0.28,0.28,292941
2022-09-13,0.3,0.3,75945
2022-09-14,0.27,0.27,551116
2022-09-15,0.25,0.25,813831
2022-09-16,0.23,0.23,681579
2022-09-19,0.25,0.25,107895
2022-09-20,0.27,0.27,115233
2022-09-21,0.25,0.25,185981
2022-09-23,0.21,0.21,221199
2022-09-26,0.21,0.21,17230
2022-09-27,0.24,0.24,317447
2022-09-28,0.25,0.25,275585
2022-09-29,0.27,0.27,316374
2022-09-30,0.27,0.27,62224
2022-10-02,0.25,0.25,177251
2022-10-03,0.37,0.37,3458762
2022-10-04,0.36,0.36,1065728
2022-10-05,0.37,0.37,978238
2022-10-06,0.43,0.43,2094782
2022-10-09,0.44,0.44,2150086
2022-10-10,0.44,0.44,0
2022-10-11,0.44,0.44,0
2022-10-12,0.5,0.5,1494772
2022-10-13,0.47,0.47,1015803
2022-10-16,0.46,0.46,741417
2022-10-17,0.48,0.48,525012
2022-10-18,0.47,0.47,946157
2022-10-19,0.47,0.47,544539
2022-10-20,0.46,0.46,620080
2022-10-23,0.47,0.47,333523
2022-10-24,0.54,0.54,1367382
2022-10-25,0.54,0.54,1276419
2022-10-26,0.49,0.49,641453
2022-10-27,0.51,0.51,762948
2022-10-30,0.47,0.47,488743
2022-10-31,0.48,0.48,355867
2022-11-01,0.5,0.5,1032243
2022-11-02,0.51,0.51,376634
2022-11-03,0.54,0.54,911389
2022-11-06,0.55,0.55,977620
2022-11-07,0.55,0.55,1099894
2022-11-08,0.58,0.58,1267886
2022-11-09,0.56,0.56,1674692
2022-11-10,0.59,0.59,620382
2022-11-13,0.6,0.6,537499
2022-11-14,0.52,0.52,965142
2022-11-15,0.49,0.49,1273094
2022-11-16,0.47,0.47,1886927
2022-11-17,0.44,0.44,720736
2022-11-20,0.46,0.46,757864
2022-11-21,0.49,0.49,511781
2022-11-22,0.47,0.47,833961
2022-11-23,0.49,0.49,807792
2022-11-24,0.52,0.52,1149963
2022-11-27,0.49,0.49,875226
2022-11-28,0.5,0.5,1781612
2022-11-29,0.5,0.5,658641
2022-11-30,0.51,0.51,889549
2022-12-01,0.55,0.55,1092438
2022-12-04,0.5,0.5,450057
2022-12-05,0.49,0.49,567100
2022-12-06,0.49,0.49,0
2022-12-07,0.49,0.49,0
2022-12-08,0.46,0.46,1322553
2022-12-11,0.44,0.44,620269
2022-12-12,0.45,0.45,612391
2022-12-13,0.44,0.44,1789472
2022-12-14,0.43,0.43,959496
2022-12-15,0.39,0.39,736921
2022-12-18,0.37,0.37,550193
2022-12-19,0.38,0.38,229633
2022-12-20,0.38,0.38,436095
2022-12-21,0.38,0.38,455685
2022-12-22,0.4,0.4,87748
2022-12-26,0.38,0.38,2150652
2022-12-27,0.38,0.38,670660
2022-12-28,0.38,0.38,342291
2022-12-29,0.38,0.38,1137701
2023-01-02,0.38,0.38,225277
2023-01-03,0.38,0.38,101540
2023-01-04,0.38,0.38,104816
2023-01-05,0.41,0.41,200278
2023-01-08,0.45,0.45,952951
2023-01-09,0.46,0.46,407343
2023-01-10,0.45,0.45,244652
2023-01-11,0.44,0.44,378605
2023-01-12,0.44,0.44,37964
2023-01-15,0.38,0.38,522019
2023-01-16,0.4,0.4,310919
2023-01-17,0.4,0.4,534178
2023-01-18,0.38,0.38,474058
2023-01-19,0.38,0.38,277438
2023-01-22,0.41,0.41,427812
2023-01-23,0.44,0.44,727199
2023-01-24,0.44,0.44,432243
2023-01-26,0.47,0.47,753851
2023-01-29,0.53,0.53,1024982
2023-01-30,0.5,0.5,1974152
2023-01-31,0.5,0.5,597069
2023-02-01,0.51,0.51,205103
2023-02-02,0.49,0.49,1529197
2023-02-05,0.49,0.49,395564
2023-02-06,0.49,0.49,489551
2023-02-07,0.49,0.49,260693
2023-02-08,0.48,0.48,118552
2023-02-09,0.46,0.46,470608
2023-02-12,0.46,0.46,45430
2023-02-13,0.34,0.34,3084031
2023-02-14,0.32,0.32,915429
2023-02-15,0.34,0.34,585736
2023-02-16,0.34,0.34,542088
2023-02-19,0.34,0.34,225465
2023-02-20,0.32,0.32,184958
2023-02-21,0.3,0.3,326612
2023-02-22,0.29,0.29,74351
2023-02-23,0.32,0.32,214650
2023-02-26,0.31,0.31,306109
2023-02-27,0.29,0.29,451184
2023-02-28,0.34,0.34,424511
2023-03-01,0.35,0.35,407830
2023-03-02,0.35,0.35,764505
2023-03-05,0.37,0.37,700364
2023-03-06,0.37,0.37,199744
2023-03-07,0.37,0.37,258667
2023-03-08,0.34,0.34,106171
2023-03-09,0.34,0.34,212684
2023-03-12,0.32,0.32,876739
2023-03-13,0.31,0.31,505128
2023-03-14,0.29,0.29,259919
2023-03-15,0.28,0.28,770618
2023-03-16,0.25,0.25,313947
2023-03-19,0.24,0.24,360481
2023-03-20,0.23,0.23,509852
2023-03-21,0.22,0.22,925319
2023-03-22,0.2,0.2,317304
2023-03-23,0.22,0.22,689622
2023-03-26,0.19,0.19,277568
2023-03-27,0.22,0.22,833624
2023-03-28,0.24,0.24,581557
2023-03-29,0.23,0.23,268939
2023-03-30,0.23,0.23,227796
2023-04-03,0.22,0.22,239220
2023-04-04,0.21,0.21,510180
2023-04-05,0.22,0.22,150803
2023-04-06,0.25,0.25,305001
2023-04-10,0.25,0.25,952119
2023-04-11,0.25,0.25,185401
2023-04-12,0.26,0.26,226412
2023-04-13,0.25,0.25,221340
2023-04-14,0.25,0.25,318966
2023-04-17,0.25,0.25,196503
2023-04-18,0.26,0.26,414626
2023-04-19,0.28,0.28,2012563
2023-04-20,0.29,0.29,134496
2023-04-21,0.29,0.29,409439
2023-04-24,0.27,0.27,3633216
2023-04-26,0.26,0.26,577932
2023-04-27,0.27,0.27,79268
2023-04-28,0.25,0.25,67764
2023-05-01,0.25,0.25,472143
2023-05-02,0.25,0.25,163365
2023-05-03,0.25,0.25,146879
2023-05-04,0.24,0.24,126153
2023-05-05,0.23,0.23,93665
2023-05-08,0.24,0.24,168792
2023-05-09,0.24,0.24,49999
2023-05-10,0.23,0.23,107350
2023-05-11,0.23,0.23,178796
2023-05-12,0.23,0.23,140707
2023-05-15,0.22,0.22,315642
2023-05-16,0.2,0.2,319187
2023-05-17,0.23,0.23,1185552
2023-05-18,0.25,0.25,544210
2023-05-19,0.24,0.24,391182
2023-05-22,0.23,0.23,610619
2023-05-23,0.23,0.23,150906
2023-05-24,0.22,0.22,207858
2023-05-25,0.22,0.22,163208
2023-05-26,0.2,0.2,264083
2023-05-29,0.22,0.22,32061
2023-05-30,0.2,0.2,55086
2023-05-31,0.2,0.2,84778
2023-06-01,0.19,0.19,475605
2023-06-02,0.19,0.19,321447
2023-06-05,0.2,0.2,294505
2023-06-06,0.2,0.2,146633
2023-06-07,0.22,0.22,636811
2023-06-08,0.22,0.22,452810
2023-06-09,0.24,0.24,698980
2023-06-12,0.25,0.25,2045189
2023-06-13,0.29,0.29,979215
2023-06-14,0.27,0.27,534984
2023-06-15,0.26,0.26,150647
2023-06-16,0.25,0.25,380343
2023-06-19,0.25,0.25,299391
2023-06-20,0.23,0.23,764530
2023-06-21,0.22,0.22,86672
2023-06-22,0.22,0.22,195580
2023-06-23,0.26,0.26,268554
2023-06-26,0.24,0.24,143788
2023-06-27,0.23,0.23,243965
2023-06-28,0.25,0.25,614503
2023-06-29,0.23,0.23,46091
2023-06-30,0.28,0.28,427537
2023-07-03,0.25,0.25,406346
2023-07-04,0.28,0.28,756869
2023-07-05,0.31,0.31,1123026
2023-07-06,0.3,0.3,379420
2023-07-07,0.29,0.29,333500
2023-07-10,0.34,0.34,1248490
2023-07-11,0.34,0.34,515622
2023-07-12,0.31,0.31,1602998
2023-07-13,0.32,0.32,507295
2023-07-14,0.32,0.32,1404312
2023-07-17,0.34,0.34,227903
2023-07-18,0.32,0.32,628144
2023-07-19,0.31,0.31,212106
2023-07-20,0.3,0.3,362569
2023-07-21,0.28,0.28,274279
2023-07-24,0.28,0.28,204384
2023-07-25,0.27,0.27,294374
2023-07-26,0.29,0.29,138349
2023-07-27,0.31,0.31,1340607
2023-07-28,0.32,0.32,653787
2023-07-31,0.32,0.32,742839
2023-08-01,0.31,0.31,434799
2023-08-02,0.29,0.29,589130
2023-08-03,0.28,0.28,157719
2023-08-04,0.3,0.3,383737
2023-08-07,0.29,0.29,233299
2023-08-08,0.29,0.29,141755
2023-08-09,0.29,0.29,388826
2023-08-10,0.29,0.29,338770
2023-08-11,0.3,0.3,139235
2023-08-14,0.27,0.27,2043177
2023-08-15,0.24,0.24,1065196
2023-08-16,0.26,0.26,165206
2023-08-17,0.26,0.26,0
2023-08-18,0.26,0.26,0
2023-08-21,0.23,0.23,549190
2023-08-22,0.22,0.22,881829
2023-08-23,0.22,0.22,469223
2023-08-24,0.22,0.22,626324
2023-08-25,0.21,0.21,1021850
2023-08-28,0.19,0.19,1869444
2023-08-29,0.19,0.19,2061448
2023-08-30,0.2,0.2,870680
2023-08-31,0.2,0.2,265167
2023-09-01,0.21,0.21,956389
2023-09-04,0.21,0.21,299048
2023-09-05,0.21,0.21,216442
2023-09-06,0.2,0.2,261927
2023-09-07,0.2,0.2,341705
2023-09-08,0.19,0.19,3801927
2023-09-11,0.2,0.2,881203
2023-09-12,0.22,0.22,457978
2023-09-13,0.21,0.21,817174
2023-09-14,0.19,0.19,396992
2023-09-15,0.2,0.2,180282
2023-09-18,0.19,0.19,362554
2023-09-19,0.19,0.19,105000
2023-09-20,0.19,0.19,539387
2023-09-21,0.18,0.18,567990
2023-09-22,0.19,0.19,314520
2023-09-25,0.19,0.19,67649
2023-09-26,0.18,0.18,189851
2023-09-27,0.16,0.16,544411
2023-09-28,0.16,0.16,301507
2023-09-29,0.16,0.16,102606
2023-10-01,0.17,0.17,144626
2023-10-02,0.18,0.18,109637
2023-10-03,0.16,0.16,521062
2023-10-04,0.16,0.16,731786
2023-10-05,0.16,0.16,56471
2023-10-08,0.14,0.14,312332
2023-10-09,0.15,0.15,142209
2023-10-10,0.14,0.14,171944
2023-10-11,0.14,0.14,48229
2023-10-12,0.16,0.16,112245
2023-10-15,0.14,0.14,167811
2023-10-16,0.14,0.14,104094
2023-10-17,0.14,0.14,241746
2023-10-18,0.15,0.15,37224
2023-10-19,0.14,0.14,748080
2023-10-22,0.13,0.13,132221
2023-10-23,0.12,0.12,118138
2023-10-24,0.16,0.16,1234117
2023-10-25,0.14,0.14,138535
2023-10-26,0.16,0.16,381652
2023-10-29,0.18,0.18,555292
2023-10-30,0.19,0.19,278335
2023-10-31,0.17,0.17,181941
2023-11-01,0.17,0.17,204086
2023-11-02,0.17,0.17,112990
2023-11-05,0.17,0.17,163944
2023-11-06,0.17,0.17,10255
2023-11-07,0.17,0.17,140232
2023-11-08,0.16,0.16,793801
2023-11-09,0.16,0.16,293946
2023-11-12,0.15,0.15,36861
2023-11-13,0.16,0.16,307707
2023-11-14,0.16,0.16,350301
2023-11-15,0.16,0.16,14000
2023-11-16,0.16,0.16,26749
2023-11-19,0.16,0.16,144907
2023-11-20,0.16,0.16,71056
2023-11-21,0.16,0.16,107512
2023-11-22,0.16,0.16,8631
2023-11-23,0.14,0.14,233558
2023-11-26,0.14,0.14,35296
2023-11-27,0.13,0.13,1606944
2023-11-28,0.13,0.13,659622
2023-11-29,0.14,0.14,38718
2023-11-30,0.14,0.14,121989
2023-12-03,0.15,0.15,136655
2023-12-04,0.14,0.14,301492
2023-12-05,0.14,0.14,48451
2023-12-06,0.14,0.14,393721
2023-12-07,0.15,0.15,324538
2023-12-10,0.13,0.13,68035
2023-12-11,0.14,0.14,17250
2023-12-12,0.13,0.13,352955
2023-12-13,0.13,0.13,40000
2023-12-14,0.13,0.13,168726
2023-12-17,0.12,0.12,170637
2023-12-18,0.13,0.13,390527
2023-12-19,0.12,0.12,842102
2023-12-20,0.12,0.12,66000
2023-12-21,0.13,0.13,128043
2023-12-25,0.14,0.14,243636
2023-12-26,0.13,0.13,89461
2023-12-27,0.13,0.13,99175
2023-12-28,0.14,0.14,55000
2024-01-01,0.12,0.12,238966
2024-01-02,0.12,0.12,125999
2024-01-03,0.12,0.12,63799
2024-01-04,0.12,0.12,57159
2024-01-07,0.13,0.13,567885
2024-01-08,0.12,0.12,1334538
2024-01-09,0.12,0.12,133956
2024-01-10,0.12,0.12,351782
2024-01-11,0.12,0.12,234150
2024-01-14,0.1,0.1,466768
2024-01-15,0.1,0.1,320307
2024-01-16,0.1,0.1,741731
2024-01-17,0.1,0.1,359045
2024-01-18,0.1,0.1,54478
2024-01-21,0.09,0.09,315876
2024-01-22,0.08,0.08,528917
2024-01-23,0.08,0.08,211229
2024-01-24,0.08,0.08,264541
2024-01-28,0.07,0.07,491973
2024-01-29,0.07,0.07,488638
2024-01-30,0.07,0.07,587928
2024-01-31,0.07,0.07,0
2024-02-01,0.07,0.07,226872
2024-02-04,0.07,0.07,109091
2024-02-05,0.07,0.07,42713
2024-02-06,0.07,0.07,14086
2024-02-07,0.08,0.08,204878
2024-02-08,0.08,0.08,103087
2024-02-11,0.08,0.08,304976
2024-02-12,0.08,0.08,35526
2024-02-13,0.07,0.07,227868
2024-02-14,0.07,0.07,25099
2024-02-15,0.07,0.07,335221
2024-02-18,0.07,0.07,333888
2024-02-19,0.07,0.07,46760
2024-02-20,0.07,0.07,161637
2024-02-21,0.06,0.06,173270
2024-02-22,0.06,0.06,132683
2024-02-25,0.06,0.06,7112929
2024-02-26,0.06,0.06,1034088
2024-02-27,0.06,0.06,550953
2024-02-28,0.06,0.06,1275407
2024-02-29,0.07,0.07,2292423
2024-03-03,0.07,0.07,2630980
2024-03-04,0.06,0.06,136654
2024-03-05,0.06,0.06,587646
2024-03-06,0.06,0.06,435373
2024-03-07,0.06,0.06,621795
2024-03-10,0.05,0.05,719084
2024-03-11,0.05,0.05,200607
2024-03-12,0.05,0.05,323685
2024-03-13,0.05,0.05,808154
2024-03-14,0.05,0.05,47058
2024-03-17,0.05,0.05,1459640
2024-03-18,0.05,0.05,2859920
2024-03-19,0.05,0.05,298695
2024-03-20,0.05,0.05,672878
2024-03-21,0.05,0.05,90656
2024-03-24,0.05,0.05,356503
2024-03-25,0.05,0.05,680266
2024-03-26,0.05,0.05,292885
2024-03-27,0.05,0.05,156002
2024-04-01,0.05,0.05,190468
2024-04-02,0.05,0.05,1331653
2024-04-03,0.05,0.05,729278
2024-04-04,0.05,0.05,95330
2024-04-08,0.05,0.05,7438291
2024-04-09,0.06,0.06,2518686
2024-04-10,0.06,0.06,1354531
2024-04-11,0.06,0.06,908347
2024-04-12,0.07,0.07,3556003
2024-04-15,0.09,0.09,3289910
2024-04-16,0.08,0.08,4855679
2024-04-17,0.08,0.08,1016553
2024-04-18,0.08,0.08,170118
2024-04-19,0.07,0.07,2300863
2024-04-22,0.07,0.07,314706
2024-04-23,0.09,0.09,622036
2024-04-24,0.09,0.09,1333312
2024-04-26,0.09,0.09,2711996
2024-04-29,0.09,0.09,620936
2024-04-30,0.08,0.08,1752624
2024-05-01,0.08,0.08,1340908
2024-05-02,0.08,0.08,54069
2024-05-03,0.08,0.08,108806
2024-05-06,0.08,0.08,429311
2024-05-07,0.08,0.08,901841
2024-05-08,0.08,0.08,527533
2024-05-09,0.08,0.08,365639
2024-05-10,0.08,0.08,265115
2024-05-13,0.08,0.08,93580
2024-05-14,0.08,0.08,80936
2024-05-15,0.08,0.08,14328
2024-05-16,0.09,0.09,1106896
2024-05-17,0.09,0.09,231321
2024-05-20,0.08,0.08,385499
2024-05-21,0.08,0.08,119660
2024-05-22,0.08,0.08,540922
2024-05-23,0.08,0.08,0
2024-05-24,0.08,0.08,116150
2024-05-27,0.08,0.08,169533
2024-05-28,0.08,0.08,235340
2024-05-29,0.07,0.07,444640
2024-05-30,0.07,0.07,597044
2024-05-31,0.07,0.07,383562
2024-06-03,0.07,0.07,455277
2024-06-04,0.06,0.06,236618
2024-06-05,0.06,0.06,421443
2024-06-06,0.05,0.05,851833
2024-06-07,0.05,0.05,1063093
2024-06-10,0.05,0.05,1527127
2024-06-11,0.05,0.05,1024702
2024-06-12,0.05,0.05,106073
2024-06-13,0.05,0.05,371352
2024-06-14,0.05,0.05,25000
2024-06-17,0.05,0.05,20000
2024-06-18,0.05,0.05,643106
2024-06-19,0.05,0.05,955798
2024-06-20,0.05,0.05,281960
2024-06-21,0.05,0.05,1023639
2024-06-24,0.05,0.05,1325819
2024-06-25,0.05,0.05,1474229
2024-06-26,0.04,0.04,1082655
2024-06-27,0.05,0.05,771297
2024-06-28,0.04,0.04,491652
2024-07-01,0.04,0.04,144509
2024-07-02,0.04,0.04,245201
2024-07-03,0.04,0.04,561132
2024-07-04,0.05,0.05,73490
2024-07-05,0.05,0.05,250722
2024-07-08,0.04,0.04,1186565
2024-07-09,0.04,0.04,1010168
2024-07-10,0.04,0.04,83661
2024-07-11,0.04,0.04,0
2024-07-12,0.04,0.04,0
2024-07-15,0.05,0.05,2176090
2024-07-16,0.06,0.06,1408475
2024-07-17,0.06,0.06,1571082
2024-07-18,0.06,0.06,810753
2024-07-19,0.06,0.06,1737179
2024-07-22,0.06,0.06,775041
2024-07-23,0.06,0.06,444954
2024-07-24,0.06,0.06,471506
2024-07-25,0.06,0.06,1158811
2024-07-26,0.06,0.06,740888
2024-07-29,0.06,0.06,385239
2024-07-30,0.06,0.06,1237883
2024-07-31,0.06,0.06,40621
2024-08-01,0.06,0.06,179155
2024-08-02,0.06,0.06,259467
2024-08-05,0.06,0.06,796081
2024-08-06,0.05,0.05,277794
2024-08-07,0.06,0.06,323860
2024-08-08,0.05,0.05,194451
2024-08-09,0.05,0.05,406112
2024-08-12,0.05,0.05,53912
2024-08-13,0.06,0.06,332433
2024-08-14,0.06,0.06,0
2024-08-15,0.06,0.06,301748
2024-08-16,0.06,0.06,170000
2024-08-19,0.05,0.05,29752
2024-08-20,0.06,0.06,6971
2024-08-21,0.06,0.06,153151
2024-08-22,0.07,0.07,306473
2024-08-23,0.07,0.07,10429
2024-08-26,0.07,0.07,172741
2024-08-27,0.06,0.06,100000
2024-08-28,0.06,0.06,0
2024-08-29,0.06,0.06,12942
2024-08-30,0.07,0.07,473016
2024-09-02,0.07,0.07,578629
2024-09-03,0.07,0.07,424210
2024-09-04,0.07,0.07,209479
2024-09-05,0.07,0.07,435913
2024-09-06,0.07,0.07,528682
2024-09-09,0.07,0.07,246173
2024-09-10,0.07,0.07,184415
2024-09-11,0.07,0.07,303385
2024-09-12,0.07,0.07,16
2024-09-13,0.07,0.07,332129
2024-09-16,0.06,0.06,1001044
2024-09-17,0.06,0.06,19371
2024-09-18,0.08,0.08,422830
2024-09-19,0.07,0.07,223391
2024-09-20,0.08,0.08,292164
2024-09-23,0.08,0.08,463381
2024-09-24,0.08,0.08,969800
2024-09-25,0.08,0.08,210768
2024-09-26,0.08,0.08,492630
2024-09-27,0.08,0.08,462064
2024-09-30,0.09,0.09,1943583
2024-10-01,0.09,0.09,660567
2024-10-02,0.08,0.08,513336
2024-10-03,0.09,0.09,283835
2024-10-04,0.09,0.09,348220
2024-10-06,0.09,0.09,804145
2024-10-07,0.08,0.08,207702
2024-10-08,0.07,0.07,584572
2024-10-09,0.08,0.08,76280
2024-10-10,0.08,0.08,596872
2024-10-13,0.08,0.08,627570
2024-10-14,0.08,0.08,0
2024-10-15,0.08,0.08,0
2024-10-16,0.14,0.14,12150359
2024-10-17,0.14,0.14,4367605
2024-10-20,0.14,0.14,2413496
2024-10-21,0.16,0.16,1145151
2024-10-22,0.14,0.14,2170668
2024-10-23,0.14,0.14,2787513
2024-10-24,0.14,0.14,827625
2024-10-27,0.14,0.14,604641
2024-10-28,0.13,0.13,1404948
2024-10-29,0.14,0.14,1161958
2024-10-30,0.14,0.14,696484
2024-10-31,0.14,0.14,932632
2024-11-03,0.14,0.14,337336
2024-11-04,0.14,0.14,859625
2024-11-05,0.14,0.14,644976
2024-11-06,0.14,0.14,532620
2024-11-07,0.14,0.14,1035831
2024-11-10,0.13,0.13,908471
2024-11-11,0.12,0.12,1481555
2024-11-12,0.12,0.12,1157391
2024-11-13,0.12,0.12,1019251
2024-11-14,0.12,0.12,170800
2024-11-17,0.12,0.12,615846
2024-11-18,0.12,0.12,632412
2024-11-19,0.12,0.12,1032055
2024-11-20,0.12,0.12,228278
2024-11-21,0.13,0.13,428380
2024-11-24,0.12,0.12,1703141
2024-11-25,0.12,0.12,175318
2024-11-26,0.12,0.12,1120446
2024-11-27,0.13,0.13,720190
2024-11-28,0.13,0.13,1078660
2024-12-01,0.13,0.13,464048
2024-12-02,0.13,0.13,534429
2024-12-03,0.12,0.12,283375
2024-12-04,0.11,0.11,6808846
2024-12-05,0.12,0.12,590792
2024-12-08,0.11,0.11,4125532
2024-12-09,0.12,0.12,3113662
2024-12-10,0.12,0.12,703072
2024-12-11,0.12,0.12,89798
2024-12-12,0.11,0.11,816165
2024-12-15,0.1,0.1,1117186
2024-12-16,0.11,0.11,878153
2024-12-17,0.12,0.12,181024
2024-12-18,0.11,0.11,606923
2024-12-19,0.1,0.1,890458
2024-12-22,0.1,0.1,2076056
2024-12-23,0.09,0.09,654200
2024-12-26,0.1,0.1,417700
2024-12-29,0.1,0.1,69234
2024-12-30,0.1,0.1,50912
2025-01-01,0.12,0.12,581054
2025-01-02,0.12,0.12,331364
2025-01-05,0.12,0.12,334765
2025-01-06,0.12,0.12,445140
2025-01-07,0.12,0.12,162243
2025-01-08,0.13,0.13,962048
2025-01-09,0.12,0.12,633276
2025-01-12,0.12,0.12,484922
2025-01-13,0.13,0.13,677339
2025-01-14,0.12,0.12,223972
2025-01-15,0.13,0.13,1225636
2025-01-16,0.13,0.13,448127
2025-01-19,0.13,0.13,1522437
2025-01-20,0.13,0.13,376547
2025-01-21,0.14,0.14,727036
2025-01-22,0.14,0.14,3229728
2025-01-23,0.14,0.14,891952
2025-01-27,0.14,0.14,1227784
2025-01-28,0.14,0.14,1976959
2025-01-29,0.13,0.13,219715
2025-01-30,0.13,0.13,270660
2025-02-02,0.12,0.12,1649848
2025-02-03,0.13,0.13,1468964
2025-02-04,0.12,0.12,783018
2025-02-05,0.12,0.12,311676
2025-02-06,0.12,0.12,1794780
2025-02-09,0.13,0.13,758919
2025-02-10,0.13,0.13,1238311
2025-02-11,0.13,0.13,682660
2025-02-12,0.14,0.14,1925854
2025-02-13,0.14,0.14,1518042
2025-02-16,0.14,0.14,1328547
2025-02-17,0.14,0.14,919175
2025-02-18,0.14,0.14,1316735
2025-02-19,0.14,0.14,83190
2025-02-20,0.14,0.14,211982
2025-02-23,0.13,0.13,283183
2025-02-24,0.13,0.13,282633
2025-02-25,0.13,0.13,149121
2025-02-26,0.13,0.13,170036
2025-02-27,0.13,0.13,495187
2025-03-02,0.12,0.12,466631
2025-03-03,0.12,0.12,460022
2025-03-04,0.12,0.12,309833
2025-03-05,0.12,0.12,981632
2025-03-06,0.12,0.12,373001
2025-03-09,0.12,0.12,152040
2025-03-10,0.12,0.12,970888
2025-03-11,0.1,0.1,221068
2025-03-12,0.1,0.1,884427
2025-03-13,0.12,0.12,1287523
2025-03-16,0.12,0.12,30885
2025-03-17,0.11,0.11,2077069
2025-03-18,0.11,0.11,1652046
2025-03-19,0.12,0.12,5185487
2025-03-20,0.11,0.11,276712
2025-03-23,0.12,0.12,9564734
2025-03-24,0.12,0.12,428938
2025-03-25,0.1,0.1,1080787
2025-03-26,0.1,0.1,516445
2025-03-27,0.11,0.11,376884
2025-03-30,0.11,0.11,464962
2025-03-31,0.1,0.1,462645
2025-04-01,0.1,0.1,1182997
2025-04-02,0.09,0.09,759697
2025-04-03,0.09,0.09,381318
2025-04-07,0.08,0.08,850140
2025-04-08,0.09,0.09,1299318
2025-04-09,0.08,0.08,851078
2025-04-10,0.09,0.09,998342
2025-04-11,0.09,0.09,181429
2025-04-14,0.09,0.09,209700
2025-04-15,0.09,0.09,195561
2025-04-16,0.09,0.09,453708
2025-04-17,0.1,0.1,3459046
2025-04-21,0.09,0.09,3529166
2025-04-22,0.1,0.1,1405770
2025-04-23,0.09,0.09,1159216
2025-04-24,0.09,0.09,964180
2025-04-28,0.09,0.09,566437
2025-04-29,0.09,0.09,985988
2025-04-30,0.09,0.09,170095
2025-05-01,0.08,0.08,844481
2025-05-02,0.08,0.08,1010492
2025-05-05,0.08,0.08,744105
2025-05-06,0.08,0.08,395586
2025-05-07,0.08,0.08,459942
2025-05-08,0.09,0.09,998783
2025-05-09,0.08,0.08,540498
2025-05-12,0.08,0.08,540049
2025-05-13,0.08,0.08,1814628
2025-05-14,0.08,0.08,247048
2025-05-15,0.07,0.07,309674
2025-05-16,0.07,0.07,799867
2025-05-19,0.07,0.07,704120
2025-05-20,0.07,0.07,1977034
2025-05-21,0.07,0.07,1338166
2025-05-22,0.08,0.08,553295
2025-05-23,0.08,0.08,167831
2025-05-26,0.07,0.07,272293
2025-05-27,0.08,0.08,299314
2025-05-28,0.08,0.08,186210
2025-05-29,0.07,0.07,799962
2025-05-30,0.09,0.09,1009991
2025-06-02,0.09,0.09,939670
2025-06-03,0.09,0.09,1863411
2025-06-04,0.1,0.1,3002456
2025-06-05,0.1,0.1,2754473
2025-06-06,0.11,0.11,1298507
2025-06-09,0.1,0.1,6085686
2025-06-10,0.1,0.1,2790889
2025-06-11,0.1,0.1,1072779
2025-06-12,0.1,0.1,531031
2025-06-13,0.1,0.1,1690987
2025-06-16,0.09,0.09,1328001
2025-06-17,0.09,0.09,574083
2025-06-18,0.09,0.09,0
2025-06-19,0.09,0.09,0
2025-06-20,0.09,0.09,2202678
2025-06-23,0.09,0.09,1556631
2025-06-24,0.09,0.09,967404
2025-06-25,0.09,0.09,635111
2025-06-26,0.09,0.09,2845954
2025-06-27,0.09,0.09,6944424
2025-06-30,0.08,0.08,1152086
2025-07-01,0.08,0.08,1149630
2025-07-02,0.09,0.09,3024625
2025-07-03,0.09,0.09,1442228
2025-07-04,0.09,0.09,435138
2025-07-07,0.09,0.09,1069670
2025-07-08,0.09,0.09,926310
2025-07-09,0.09,0.09,1481928
2025-07-10,0.09,0.09,111725
2025-07-11,0.09,0.09,628910
2025-07-14,0.09,0.09,1132495
2025-07-15,0.09,0.09,694471
2025-07-16,0.09,0.09,1557572
2025-07-17,0.09,0.09,793204
2025-07-18,0.09,0.09,1591309
2025-07-21,0.1,0.1,4696621
2025-07-22,0.1,0.1,1405647
2025-07-23,0.1,0.1,1742851
2025-07-24,0.1,0.1,1452918
2025-07-25,0.1,0.1,1580253
2025-07-28,0.1,0.1,395584
2025-07-29,0.1,0.1,1024873
2025-07-30,0.1,0.1,1139889
2025-07-31,0.09,0.09,1407862
2025-08-01,0.09,0.09,1199202
2025-08-04,0.09,0.09,847967
2025-08-05,0.09,0.09,1070379
2025-08-06,0.09,0.09,1227608
2025-08-07,0.09,0.09,2732203
2025-08-08,0.09,0.09,1480472
2025-08-11,0.09,0.09,25046696
2025-08-12,0.09,0.09,1467562
2025-08-13,0.09,0.09,1426766
2025-08-14,0.09,0.09,833363
2025-08-15,0.09,0.09,1316040
2025-08-18,0.09,0.09,1886761
2025-08-19,0.08,0.08,1770270
2025-08-20,0.08,0.08,2147865
2025-08-21,0.09,0.09,836440
2025-08-22,0.08,0.08,763575
2025-08-25,0.08,0.08,945009
2025-08-26,0.08,0.08,543146
2025-08-27,0.08,0.08,1752578
2025-08-28,0.08,0.08,2362258
2025-08-29,0.08,0.08,1191739
2025-09-01,0.08,0.08,1340861
2025-09-02,0.08,0.08,1409356
2025-09-03,0.08,0.08,3680305
2025-09-04,0.09,0.09,995935
2025-09-05,0.09,0.09,3034051
2025-09-08,0.09,0.09,1244370
2025-09-09,0.09,0.09,947395
2025-09-10,0.09,0.09,391433
2025-09-11,0.09,0.09,1318005
2025-09-12,0.1,0.1,4129245
2025-09-15,0.11,0.11,3376457
2025-09-16,0.11,0.11,2121388
2025-09-17,0.1,0.1,7832072
2025-09-18,0.1,0.1,1719987
2025-09-19,0.1,0.1,2817972
2025-09-22,0.11,0.11,1947310
2025-09-23,0.1,0.1,1296557
2025-09-24,0.11,0.11,940123
2025-09-25,0.1,0.1,1785617
2025-09-26,0.1,0.1,1223974
2025-09-29,0.1,0.1,2095983
2025-09-30,0.1,0.1,11261570
2025-10-01,0.12,0.12,4553206
2025-10-02,0.12,0.12,2792724
2025-10-03,0.13,0.13,3193822
2025-10-05,0.14,0.14,5331128
2025-10-06,0.13,0.13,1425044
2025-10-07,0.13,0.13,1420781
2025-10-08,0.13,0.13,1459509
2025-10-09,0.13,0.13,4695499
2025-10-12,0.13,0.13,748919
2025-10-13,0.13,0.13,1904193
2025-10-14,0.14,0.14,1863448
2025-10-15,0.16,0.16,6160560
2025-10-16,0.15,0.15,6176397
2025-10-19,0.15,0.15,3557804
2025-10-20,0.14,0.14,2144792
2025-10-21,0.13,0.13,3620497
2025-10-22,0.14,0.14,3066570
2025-10-23,0.14,0.14,652414
2025-10-26,0.14,0.14,1214259
2025-10-27,0.13,0.13,1132576
2025-10-28,0.14,0.14,1099787
2025-10-29,0.14,0.14,1052314
2025-10-30,0.16,0.16,4802861
2025-11-02,0.14,0.14,2669992
2025-11-03,0.14,0.14,1190127
2025-11-04,0.13,0.13,3416255
2025-11-05,0.13,0.13,670967
2025-11-06,0.13,0.13,420655
2025-11-09,0.14,0.14,965448
2025-11-10,0.13,0.13,1619427
2025-11-11,0.13,0.13,1061121
2025-11-12,0.13,0.13,986197
2025-11-13,0.13,0.13,1189429
2025-11-16,0.13,0.13,1963207
2025-11-17,0.12,0.12,2890352
2025-11-18,0.12,0.12,1690210
2025-11-19,0.12,0.12,682869
2025-11-20,0.12,0.12,339156
2025-11-23,0.12,0.12,295774
2025-11-24,0.12,0.12,703861
2025-11-25,0.12,0.12,882469
2025-11-26,0.12,0.12,518409
2025-11-27,0.13,0.13,1244986
2025-11-28,0.12,0.12,1244986
2025-11-30,0.13,0.13,2035900
2025-12-01,0.13,0.13,1226433
2025-12-02,0.13,0.13,2540536
2025-12-03,0.13,0.13,3215409
2025-12-04,0.14,0.14,4175124
2025-12-05,0.14,0.14,4175124
2025-12-07,0.14,0.14,1172833
2025-12-08,0.14,0.14,1255187
2025-12-09,0.14,0.14,242455
2025-12-10,0.14,0.14,1581969
2025-12-11,0.15,0.15,734201
2025-12-12,0.15,0.15,734201
2025-12-14,0.16,0.16,1732035
2025-12-15,0.14,0.14,3049054
2025-12-16,0.14,0.14,637436
2025-12-17,0.14,0.14,2008232
2025-12-18,0.15,0.15,2706138
2025-12-19,0.15,0.15,2706138
2025-12-21,0.16,0.16,2063646
2025-12-22,0.17,0.17,4347545
2025-12-23,0.17,0.17,2467914
2025-12-24,0.17,0.17,2467914
2025-12-28,0.18,0.18,3100577
2025-12-29,0.18,0.18,3100577
2025-12-30,0.18,0.18,1528803
2025-12-31,0.18,0.18,1346818
2026-01-01,0.2,0.2,4966329
2026-01-02,0.2,0.2,4966329
2026-01-04,0.19,0.19,2775565
2026-01-05,0.19,0.19,2775565
2026-01-06,0.2,0.2,2417994
2026-01-07,0.21,0.21,3245821
2026-01-08,0.19,0.19,1308502
2026-01-09,0.19,0.19,1273253
2026-01-12,0.19,0.19,2207224
2026-01-13,0.2,0.2,4441711
2026-01-14,0.21,0.21,996582
2026-01-15,0.22,0.22,3042523
2026-01-16,0.22,0.22,3552269
2026-01-19,0.22,0.22,2651647
2026-01-20,0.22,0.22,2706983
2026-01-21,0.24,0.24,2594782
2026-01-22,0.23,0.23,1069872
2026-01-23,0.23,0.23,1227947
2026-01-27,0.25,0.25,9226333
2026-01-28,0.24,0.24,1233962
2026-01-29,0.23,0.23,2269674
2026-01-30,0.22,0.22,3412657
2026-02-02,0.2,0.2,4701209
2026-02-03,0.2,0.2,1467679
2026-02-04,0.22,0.22,2822143
2026-02-05,0.19,0.19,2991285
2026-02-06,0.17,0.17,4981314
2026-02-09,0.18,0.18,1114909
2026-02-10,0.19,0.19,1014385
2026-02-11,0.19,0.19,1179042
2026-02-12,0.19,0.19,605339
2026-02-13,0.19,0.19,2952258
2026-02-16,0.17,0.17,1591059
2026-02-17,0.17,0.17,236878
2026-02-18,0.17,0.17,1646381
2026-02-19,0.18,0.18,1336352
2026-02-20,0.17,0.17,1413540
2026-02-23,0.19,0.19,1228553
2026-02-24,0.19,0.19,1306080
2026-02-25,0.2,0.2,4729268
2026-02-26,0.21,0.21,1893034
2026-02-27,0.21,0.21,808659
2026-03-02,0.2,0.2,1784466
2026-03-03,0.2,0.2,1765557
2026-03-04,0.18,0.18,2362467
2026-03-05,0.19,0.19,452928
2026-03-06,0.18,0.18,1169213
2026-03-09,0.17,0.17,2544418
2026-03-10,0.17,0.17,708471
2026-03-11,0.17,0.17,0
2026-03-12,0.17,0.17,0
2026-03-13,0.16,0.16,17975930
2026-03-16,0.14,0.14,3034101
2026-03-17,0.14,0.14,1058178
2026-03-18,0.14,0.14,1047836
2026-03-19,0.12,0.12,2371698
2026-03-20,0.13,0.13,1591702
2026-03-23,0.12,0.12,1752520
2026-03-24,0.12,0.12,1692886
2026-03-25,0.14,0.14,771532
2026-03-26,0.12,0.12,1667099
2026-03-27,0.12,0.12,1476909
2026-03-30,0.12,0.12,1174750
2026-03-31,0.13,0.13,1006620
2026-04-01,0.14,0.14,1138228
2026-04-02,0.12,0.12,1252429
2026-04-07,0.13,0.13,1270117
2026-04-08,0.14,0.14,4474590
2026-04-09,0.14,0.14,1420869
2026-04-10,0.14,0.14,940166
2026-04-13,0.14,0.14,1025069
2026-04-14,0.14,0.14,800548
2026-04-15,0.14,0.14,888614
2026-04-16,0.14,0.14,1296168
2026-04-17,0.13,0.13,3243220
2026-04-20,0.14,0.14,1110099
2026-04-21,0.13,0.13,2773265
2026-04-22,0.12,0.12,1698184
2026-04-23,0.12,0.12,3567742
2026-04-24,0.12,0.12,605073
2026-04-27,0.13,0.13,1209408
2026-04-28,0.12,0.12,1825674
2026-04-29,0.12,0.12,1349273
2026-04-30,0.12,0.12,138702
2026-05-01,0.12,0.12,1103089
2026-05-04,0.12,0.12,2543842
2026-05-05,0.11,0.11,693885
2026-05-06,0.12,0.12,1585756
2026-05-07,0.12,0.12,1402317
2026-05-08,0.12,0.12,694941
2026-05-11,0.12,0.12,689529
2026-05-12,0.13,0.13,2447070
2026-05-13,0.14,0.14,1857751
2026-05-14,0.12,0.12,2615833
2026-05-15,0.12,0.12,1095517
2026-05-18,0.11,0.11,1626892
2026-05-19,0.12,0.12,2301412
2026-05-20,0.1,0.1,1742581
2026-05-21,0.1,0.1,4555380
2026-05-22,0.1,0.1,2078926
2026-05-25,0.12,0.12,2830592
2026-05-26,0.12,0.12,1182656
2026-05-27,0.13,0.13,979490
2026-05-28,0.12,0.12,2211341
2026-05-29,0.12,0.12,1571697
2026-06-01,0.11,0.11,1430716
2026-06-02,0.11,0.11,0
2026-06-03,0.13,0.13,29482916
2026-06-04,0.13,0.13,20518607
2026-06-05,0.13,0.13,4297556
2026-06-09,0.12,0.12,17318138
2026-06-10,0.12,0.12,15803908
2026-06-11,0.12,0.12,8304895
2026-06-12,0.14,0.14,8876119
2026-06-15,0.14,0.14,5536851
2026-06-16,0.14,0.14,7072342
2026-06-17,0.14,0.14,4578341
2026-06-18,0.12,0.12,9225993
2026-06-19,0.12,0.12,7431243
2026-06-22,0.11,0.11,6334560
2026-06-23,0.12,0.12,5886741
2026-06-24,0.11,0.11,4897146
2026-06-25,0.11,0.11,3917391
2026-06-26,0.12,0.12,2974596
2026-06-29,0.11,0.11,2501111
2026-06-30,0.12,0.12,2094408
2026-07-01,0.12,0.12,3590828
2026-07-02,0.12,0.12,1568281
2026-07-03,0.12,0.12,1259091
2026-07-06,0.12,0.12,998536
2026-07-07,0.12,0.12,2032146
2026-07-08,0.12,0.12,4892266
2026-07-09,0.12,0.12,2535366
2026-07-10,0.12,0.12,7590989
2026-07-13,0.13,0.13,7769164
2026-07-14,0.12,0.12,15358877
2026-07-15,0.13,0.13,2527105
2026-07-16,0.13,0.13,475551
2026-07-17,0.13,0.13,2919151
2026-07-20,0.12,0.12,748757
2026-07-21,0.14,0.14,8921253
2026-07-22,0.14,0.14,3821625
2026-07-23,0.14,0.14,2486336
2026-07-24,0.14,0.14,4241391
2026-07-27,0.14,0.14,3363589
2026-07-28,0.14,0.14,1884801
2026-07-29,0.14,0.14,3541700
2026-07-30,0.13,0.13,1986106
2026-07-31,0.14,0.14,3092371
2026-08-03,0.14,0.14,1667250
2026-08-04,0.14,0.14,7707826
2026-08-05,0.14,0.14,6110739
2026-08-06,0.14,0.14,3996706
2026-08-07,0.14,0.14,8933697
2026-08-10,0.15,0.15,1300876
2026-08-11,0.15,0.15,3940308
2026-08-12,0.16,0.16,3892635
2026-08-13,0.16,0.16,2776459
2026-08-14,0.15,0.15,1798094
2026-08-17,0.14,0.14,5438956
2026-08-18,0.14,0.14,6342545
2026-08-19,0.14,0.14,4893130
2026-08-20,0.14,0.14,7055464
